outcome,SigResp,SigStim,N1RespAvg,N1RespSDV,N2RespAvg,N2RespSDV,P2RespAvg,P2RespSDV,N1StimAvg,N1StimSDV,N2StimAvg,N2StimSDV,P2StimAvg,P2StimSDV
0.0,0.4665178055268749,0.15077145724556376,-0.36808952507568066,-0.5953709435358613,-0.3736681119913562,-0.6446350087873155,-0.4028458042069434,-0.38187554747066016,-0.2440889220294121,-0.258783409628471,-0.7052036528848636,-0.6931350837660819,-0.5594659899008045,-0.5788556330682115
0.0,0.5642609198348928,1.3745985819376927,0.7405719774417182,0.569039616588101,1.4054480358214616,1.1157799987110868,0.6683875081491089,0.38163750309767563,1.3766199942607786,1.5373899611233552,2.434947890721674,3.063604006035989,0.6747312448114227,0.2282711514269933
0.0,0.5642609198348935,1.2318187507236114,0.323892202944232,0.31578645284571605,0.32059778058076194,0.3883858833787342,0.23718228791946,-0.026599091332855644,0.5418298967811361,0.34429071696592156,0.27730792851533764,-0.1938494747616626,0.6034692696326331,0.07534699157621955
0.0,-1.292858252017448,0.2323599322250395,-0.6292542107768777,-0.8060066234013478,-0.34552150481997124,-0.6798188060327767,-0.4884845825700027,-0.64044578316446,-0.0026473714184535317,-0.07705795387641153,-0.5882012513134791,-0.3957772465924674,0.5581266679587109,0.4187049463755671
0.0,0.06600943470377686,0.3861228273786658,0.044383715858774084,0.0714329385351973,0.2072789719517075,0.22055068049230134,0.17794709617321686,0.4090240760546895,0.5647090959714779,0.6690406038830167,0.47044889091937214,0.6944952987455907,0.5436705727795131,0.7201462294289442
0.0,-0.05477880411588748,-0.05319973020312376,-0.6187677658543621,-0.6913351163920216,-0.1720215072265964,-0.210639636680828,0.17496650026395247,-0.0610068314949062,0.0414455381747765,0.0924896083941444,0.12864580233652345,0.253246306409058,-0.39352323597732053,-0.41707760563359464
0.0,-1.292858252017448,-1.1954383799157764,-0.9026272109600917,-0.8368491008958309,-0.8315055142150811,-0.8326672429421594,-1.0257714300863081,-0.7571631285979762,-0.9021106801901928,-0.7483330357063723,-0.8948955333027847,-0.7373516561321345,-1.0600250791816943,-0.7050932814856411
0.0,-1.292858252017448,-0.7670988862735316,-0.9802027028575093,-0.8670684174378127,-0.9361390355927167,-0.8981227671776244,-0.8021997327907383,-0.6125949468954746,-0.7285583916178454,-0.7333549277311177,-0.5113234140530245,-0.6015941355064133,-0.671114227343602,-0.6060727800833533
0.0,0.6571168784275099,0.6982730656604634,0.30871427070422364,0.269964402733255,0.7895476150918174,0.8725610663773081,1.1108374900444722,0.9892330427670658,0.16691303794188408,0.07992887258196031,0.6811913320759375,2.199774352409078,0.3096057368190164,0.1377550189130647
1.0,-0.7165109228218943,-0.8282902425081381,0.6487247911243653,1.8895083749394634,-0.2956874892061326,0.05802331715168324,-0.5633868898574772,-0.02899723235010798,-0.07082481132563677,0.7529918583281189,-0.061968494485455064,0.4186176565614434,-0.5361080677899259,-0.12935575135501032
0.0,0.9356847542053616,1.3011689544561649,0.10728246527206922,-0.13623918330828205,0.07319075260974216,-0.29522762701405186,-0.3930626923751568,-0.43236278728661914,0.520557711686117,0.29950753999269963,0.0797093977694658,-0.40491918369726043,0.2561788618936005,-0.2172417478014329
0.0,1.4928205057610642,1.6601582443658558,1.6028517247758027,0.8674283875370804,1.6944426363675866,0.5414579536799413,-0.26105248215226434,-0.5466643492615771,1.9157873677326076,1.1440351768655583,2.8768233068355644,4.010253253919603,2.62540532113659,2.758007182135899
0.0,0.44819097159412163,0.4108347212426414,-0.3136458389064628,-0.5783169734435297,-0.8264444363849754,-0.8128701276436392,-0.23323890231643013,-0.2334950628458407,-0.009197952228368632,-0.27105552642129177,-0.017016655494022124,0.08755740497276986,0.21558365191172504,-0.0020649674881000105
0.0,0.5642609198348928,-0.6243190550594501,-0.1466194836688567,-0.2179552671914,0.19745186148613575,-0.050523417689049596,0.5523614339246014,0.31829681176681385,-0.5441441103741141,-0.6389717147232391,-0.7928542079741081,-0.6904315153234073,-0.7177742048206154,-0.6165100454198502
0.0,2.5761400226749305,1.2318187507236114,2.876147438516686,0.8683932075393729,0.4633966556491747,-0.16772726132128005,1.0321967597566943,-0.07579927945402506,-0.20197592487620236,-0.4958195069273476,-0.05662266915909459,-0.20808096191288292,1.023941453591123,0.5103310760889118
0.0,-1.0506253165584472,-0.9384346837304295,-0.7909398483321777,-0.7068091917452765,-0.6857721706546637,-0.6337985425497739,-1.0229623857398897,-0.7419705498564801,-0.820815759273691,-0.722946131781681,-0.8914553512384452,-0.8319709821323008,-0.8864815789016612,-0.6691913190122213
0.0,0.8499715616583298,0.3861228273786658,0.3198858578366756,0.09844775523517374,0.17422069734966564,0.41075909969632374,-0.34489952049570666,-0.29286256986582176,-0.11755503066894735,-0.19167537093428302,0.600025492449167,0.5926834224039516,-0.1898586178908447,-0.24268600373286572
1.0,-1.292858252017448,0.03817936177388846,-0.9377896838165867,-0.853849228229972,-0.9983650046755599,-0.9063705973997963,-1.1137946971132524,-0.946175184664276,0.21380787163844514,0.5303620166490406,-0.4567829264009678,-0.5814470642722988,-0.39275130231060945,-0.39286918572918506
0.0,-0.749311177328958,-0.6682513108176292,-0.7360039770147968,-0.7669359139676357,-0.6644806445641713,-0.6305422017492002,-0.8080927796363642,-0.5361996881147967,-0.5408071550929036,-0.4198667311200884,-0.5282210489647461,-0.4814427700671731,-0.5827055565055574,-0.426691796276113
1.0,-1.124029236394508,-0.5100951900881849,-0.7327984287638348,-0.5182711875736136,-0.6625351945909589,-0.6517838232715683,-0.9330290263336292,-0.464989070875885,-0.15011544634971952,0.5775189692039867,-0.3397086993596311,0.5255955015062624,-0.8054275911689392,-0.41868303852141264
0.0,-0.9651313393376233,-0.8527667850019809,0.06610616516039654,1.0445782693937524,-0.21459184743988172,0.11281177889854499,-0.2624241870452146,0.4698043517029636,-0.8335529154325921,-0.7076728505169924,-0.6832538923405229,-0.5352953912406268,-1.0358163378733116,-0.6845900487226017
0.0,0.8737807818102832,-0.05319973020312376,-0.3726960397593477,-0.5873543989093853,-0.7132642272725509,-0.7655492574223551,-0.08268744014068234,-0.4469109850055371,-0.27026635127182946,-0.36241001596894484,-0.2820381963886729,-0.5776248099171207,-0.4600687248840251,-0.387072662440025
0.0,-1.292858252017448,-1.1954383799157764,-1.0566072375752842,-0.8574246685455204,-1.2254240702311536,-0.9756983321316148,-1.3427275516823718,-0.8857282760653089,-0.9375962180719856,-0.807117333650709,-0.9541090663293222,-0.855709557004607,-1.1108694837890531,-0.7954971547166856
0.0,-0.34165087131259086,-0.2728610089940188,-0.45388144197793945,-0.43587356694075186,-0.38493895761644403,-0.4092366368936297,-0.13344707389178137,-0.20866036500104654,-0.47938020027570294,-0.4615061446956825,-0.5049426577267307,-0.6265380520622279,-0.13908745533480266,-0.24909221520102554
0.0,-0.6500093079147151,0.5179195946532025,-0.2591577844789235,0.23152294569127613,-0.6890809993811529,-0.6090200790279716,-0.7758447352170698,-0.47323192431964695,-0.2448921732522824,-0.30168937097107607,-0.390188703515398,-0.5009460226108605,-0.15851444261573114,-0.34826743672405225
0.0,-0.05477880411588748,2.6596170628644273,-0.2344351666335538,-0.09148432469106577,-0.48055258294988296,-0.5906528360928047,-0.11992106947374331,-0.21221492247917106,1.530352550943348,0.3491387473520927,1.173813908217273,0.2761331822996448,1.4021385281358894,0.13594996556338623
0.0,-0.5661594456404454,-0.7281589323060549,-0.5341346153975026,-0.4434818646306237,-0.6251891417964973,-0.5952641343925397,-0.3452229246047508,-0.2152316475190904,-0.7311747027521882,-0.7252357363994822,-0.6753844296901489,-0.6793234533235769,-0.9260321593145335,-0.7265639670554183
0.0,-1.0396147285830384,0.20639996291338814,-0.5026011170813381,-0.154532332780375,-0.10793809375158228,0.5177640522250546,-0.8263198726855545,-0.5359850805177416,-0.3764137251001999,-0.45629364071739426,1.089180063161613,1.6283417584914814,0.010749133923678952,0.048576873849681214
1.0,-0.34165087131259086,0.2543260601041286,-0.5619229786675912,-0.4584557665651173,-0.6507432869733198,-0.6791043356650023,-0.7563766007096214,-0.615505677104825,-0.2041340643745474,-0.4413864803540813,0.06326483358196142,-0.3587448652008436,-0.18203933415900467,-0.2711537004004343
1.0,-0.8949041437633752,1.3745985819376914,-0.3405709891922996,0.0171648264474033,-0.46911141794093675,-0.5679510653294781,-0.6796780442801283,-0.4816310859819002,1.244639548812004,0.9467926168273234,1.2964192832141241,0.13396930358654374,2.3546616185842777,0.8210637076344235
0.0,1.492820505761063,-1.1954383799157764,0.46106831141593557,-0.00034159698397458855,0.14529337812252177,-0.24926671689816166,1.2570844348177102,0.6212175624875319,-0.8185606676128915,-0.7835118883580887,-0.710788168245575,-0.66235243216655,-0.9839393507309273,-0.7904509388024806
0.0,-0.8285784590543631,-0.3387593926312872,-0.8656266911904275,-0.8029163775975281,-0.8115448176818585,-0.670610746729008,0.008897647081789138,-0.025762153285753736,-0.4175401407731218,-0.47360754230516355,-0.03565890030503943,-0.16721741078618924,1.2789990159831912,0.6138611271655993
1.0,-1.292858252017448,0.5179195946532025,-0.9507113959653813,-0.8271430239788781,-0.7000091838992368,-0.7976260523654971,-1.1700149325714337,-0.8233732761380814,-0.5543636020198147,-0.5633693117317129,0.2536360340646431,-0.09108781487725891,0.22791207211689007,0.2759150540160039
0.0,0.7454432780643899,-0.931844845366703,-0.01864962369265207,-0.1381465616645373,0.5343273851481843,0.3004671996446819,0.6347787645164716,0.21663464971667792,-0.7753319006441975,-0.723928929922666,-0.7980879865569968,-0.6596564143031748,-0.8410768374123765,-0.6606180775879451
1.0,-0.6738185280666678,-0.6243190550594501,-0.7058852376410166,-0.7021350526999116,-0.5468572997084044,-0.802086564595445,-0.666785710437741,-0.6041817687438735,-0.3292389262983153,0.10007000056922753,-0.512000364240622,-0.4379768206967282,-0.6642562056113591,-0.31153097272093
0.0,-0.6738185280666678,0.8034792570813658,-0.6946598540570963,-0.7368917107431755,-0.7662767159340702,-0.8297227465017011,-0.6405490711560996,-0.6198751740754345,-0.26472276573954034,-0.4838864761216855,0.13841167541885394,-0.2753968179385246,-0.18479033656716126,-0.42952899092944097
1.0,-0.9833383900420583,-0.6243190550594501,-0.5978275294862126,-0.4671689157601733,-0.5443252629378267,-0.7195033313021794,-0.7912464480441733,-0.42227602754315613,-0.5710693370959763,-0.6818309499848696,-0.4787820370359903,-0.5263465403033036,-0.7139338972445194,-0.5926794855065053
0.0,0.37854900264965874,1.2393334786822459,-0.2164928714699859,-0.23816987912513587,-0.45984596766612307,-0.15385356643301087,-0.2984414717127307,-0.22308664898945518,1.6717255963187125,1.037170106269316,3.4305166991548917,4.09536951360101,2.509875641672279,2.061242398244632
0.0,1.0948663975069899,0.27315416971477696,0.4733506288984563,0.014826451211736907,0.6027157591565435,0.46733578198375175,1.471178243833739,0.6287044073060677,0.9023899792317893,0.47091397025928466,0.18405329483741611,0.06600757334966859,1.84556860012021,1.9925398425988163
0.0,0.06600943470377686,0.1836058435177916,-0.3379709997493453,-0.5458479455039834,0.03351978936830775,-0.12132970066659873,0.1566181935219116,-0.05534110209750476,-0.33169633080266525,-0.42811017018197184,0.41898220061254454,0.15481891702920517,-0.31373146849209943,-0.424156331606303
0.0,-0.08169357472244358,-0.2608794846963334,-0.168966200623626,-0.31059838346156216,0.13715078755422994,0.028087944644657695,-0.016674489534430462,-0.13292090670229215,-0.141379440644054,0.24238984851693782,-0.7089641994237249,-0.6974628289958701,-0.2459898527369489,0.21613965390613674
0.0,0.5642609198348935,1.5173784131517742,-0.1781543268210676,-0.37005435505365314,0.21189438874489933,-0.16942161147361307,-0.0012691399683360776,-0.02143881707027742,0.7721929090147209,0.44939330609951467,0.6096011131776343,0.7905065280211144,0.9752858646160968,0.5352893901398749
0.0,0.617321467602103,-0.02056434021133352,1.6191986515977426,2.1097308101264685,2.245881210859336,2.86983714113977,1.4895495918813038,0.6473661346428392,0.8975834270068821,1.5049758171349485,0.9728498513801506,1.6579002412883792,-0.30320496961594573,-0.013952863497469227
0.0,-0.5964385625728202,-0.5529291394524092,-0.5378876077993505,-0.45762312054519744,-0.8452717042447071,-0.8912466073165731,-0.46858647904649975,-0.268596772160523,-0.6182949380962892,-0.6836067351494736,-0.4440639846883878,-0.6017783575030939,0.3651896106739451,0.046966575670726256
0.0,0.1605393607365579,-0.49451920850119435,-0.41482074502803035,-0.3320750855305563,-0.2127358110697534,-0.2797567232206509,0.5753954424436583,0.6695730804971362,-0.5553862445200213,-0.5320084361484719,-0.5178020608919072,-0.5704578886799822,-0.6311037331236397,-0.4892906173490372
0.0,1.4928205057610642,0.2323599322250395,0.8307253633710068,0.30712304026120973,1.0123334939829258,0.41902384317479835,1.9464976838271522,0.8209088410466651,-0.48153426921506615,-0.5541269636449,-0.7254375264187951,-0.7754621749855737,-0.7871538063691981,-0.5639852871505825
0.0,-0.8083923810994462,-0.49451920850119435,0.7784805410269118,2.04713108234608,1.4005507397655355,2.8665267061477486,5.791040652398046,11.524018635698743,2.3424800462397446,3.259465785637052,1.454220359406807,2.789322542293842,0.6366909533407624,1.887250042293896
0.0,-0.3239265101814444,-0.49451920850119435,1.1196075899672893,2.349842291622749,0.9591584928944096,2.2731554463385057,1.4155028248609343,3.802139618656271,1.3721785084892786,2.3170841300145235,2.7500638972016236,5.625365144989073,0.4496834260402199,0.9563464812254854
0.0,1.0948663975069899,-0.46114210510049997,0.6593040178041663,0.24440603877777287,-0.22866439931704285,-0.17866183718661188,3.0088376574202873,2.16280022582425,-0.7416886163991467,-0.6728091628474776,-0.834215042787012,-0.8053083776251593,-0.6517586408461895,-0.38822737429263454
0.0,0.6571168784275099,-0.11331755387221117,-0.24905649737568658,-0.431364473564698,0.8833005094482953,1.0004835003821302,1.9740356597441124,1.4482367704967212,-0.08645075854843899,0.1401996337414428,-0.5745420217460155,-0.5273795991057693,0.10392216195449344,0.27267368018584726
0.0,-0.026640634845397287,1.3745985819376927,-0.17781857014233593,-0.28756872334769323,-0.10766529775742549,-0.3371303893970948,0.16974759917536267,0.15193627181260053,1.2757100845456524,0.8448767297881439,0.4251998666060211,0.1847655541500373,0.6195950605282057,0.47883904167446606
0.0,-0.24822871785050626,-1.1954383799157764,0.49348066222139364,0.9745904806307043,-0.4778703492315217,-0.16164598486309906,-0.3400676262675012,0.151521439220519,-0.8352739496104323,-0.7824862098942633,-0.8389675267113421,-0.8046601643517912,-0.7838695647107197,-0.7559051339243557
0.0,-0.06987733396834563,0.5179195946532025,-0.10092390023937851,-0.10991507827202125,0.7360490947041428,0.8987131349975914,0.854846245297719,1.1660489000150116,0.3880797719745783,0.6193755693901101,0.5477671211350906,0.5838571865331558,0.15174750879983517,0.021870597002619212
0.0,3.0404198156380158,1.0890389195095291,3.1433477839702584,1.1479811986720199,2.854488030746398,1.7878601756103154,0.6376025332244827,0.031905183661204616,1.0725883661675835,0.6480631966887543,0.6148266144821136,0.7598726387248718,1.0105399934852293,1.5126308135798199
0.0,1.4928205057610642,2.2312775692221822,1.066045229929953,0.9540118783095254,0.8322039790324,0.6248469244363728,0.7137038608856529,0.1690442768948342,0.025550020091262653,-0.5518652167126245,2.1629851535829667,0.9279690165435454,1.361993967360915,0.3425031845704758
0.0,2.885659884650319,-0.7670988862735316,0.021511128886194532,-0.5452224481043797,1.4861910579031232,-0.1745782358167963,1.2569531772805331,-0.16292437894416273,-0.7666934095898694,-0.7311462832950228,-0.71387389077868,-0.5419883407766571,-0.4914914941316541,-0.5748682424136576
0.0,0.617321467602103,-0.6080013600635554,-0.17295899260295297,-0.19420339046255125,0.2780262455963337,0.04045273312963416,1.3178514369005363,0.3878159095748241,-0.6662470463969554,-0.6480897270445507,-0.416538279038835,-0.45206773080511836,-0.2270147920697542,-0.36230833584936284
0.0,-0.4969500355093023,-0.46114210510049997,1.5238423852680392,3.1040313691143693,0.6197578813379889,1.436424019360056,0.8000641700834046,1.4094933827742535,-0.6920263564575956,-0.6852921831677193,-0.7084910020522951,-0.670845537358107,-0.7927270454316235,-0.6461157662045521
1.0,-0.6500093079147151,-0.9977432290039713,-0.4188395255782481,-0.14857836838490163,-0.801761559899018,-0.7548462234488565,-0.5073038217705845,0.01224663651217583,-0.7937257091562542,-0.7515936387241695,-0.7745949028356847,-0.7831042723340543,-0.8028641542396054,-0.6629994316070287
0.0,-0.9833383900420583,-0.9098787174876134,-0.837558291891865,-0.8090569673702042,-0.15571332292371598,-0.28501193757628684,-0.9819199394574447,-0.7800962318050126,-0.6243258377461526,-0.6299431038681252,-0.2529953897084694,-0.4994327206888769,-0.5516370797790695,-0.4929804324440615
1.0,-0.4487131739027478,-0.6814309875450826,0.19073280932559067,0.7017795177269914,-0.23682632755703173,0.3636688764401343,-0.49984203633524105,-0.0934826200673345,0.808154400288306,1.872116511682967,-0.20991880117924216,0.14211172074647585,-0.4247800973049759,0.057089842827230064
0.0,0.7330899354578334,0.440039686718249,0.14452598886827758,0.1169981526578196,0.23293914377910832,0.8344731652319224,-0.3293796843219743,-0.24138976439158438,0.23426513617366657,0.32494283350775505,1.6798426146788497,2.7561220682827288,0.6922420313692513,0.2776148913251348
0.0,-0.0071603638119816255,-0.3387593926312872,0.3921936217001288,0.9556666057440025,-0.4578919154579195,-0.25026056186628304,0.1690591816491722,1.3669683728348072,-0.05103225180883558,0.518698151259569,-0.72185629755128,-0.4456007564145301,-0.6369770374710781,0.01366854894334474
0.0,-0.4775376399847132,0.12252929282959196,-0.6347725876590952,-0.6898313590353966,-0.35972727265029514,-0.4334083036780732,-0.43756266228449026,-0.49810000956789,-0.14437228142753902,-0.0874345396254538,-0.20339485801554852,-0.11881851169808318,-0.2036289178523209,-0.2857369156850463
0.0,-1.292858252017448,-0.2163766801620744,-0.8863286725981794,-0.8249539345585903,-0.6429303994380744,-0.7344401857094163,-1.0778848251689428,-0.8046173417266534,-0.44608812549949134,-0.4170338688939571,-0.39418404091284087,-0.2696040235446551,-0.29651492357368614,-0.18799073244073286
0.0,-0.7863712051486278,-1.1954383799157764,-0.7849425760754865,-0.7057816746827877,-0.295713287298061,-0.02567738669550832,-0.561846461733695,0.4075421196301363,-0.778303148108394,-0.7521069291894861,-0.7858024955948811,-0.768543701462948,-0.8584734093568218,-0.7157465787668101
0.0,-1.292858252017448,-1.1954383799157764,-1.022318624108485,-0.8931193336298965,-1.083449605362815,-0.8937216015152702,-1.1788773328914144,-0.8339657116258765,-0.8405848043635465,-0.7491584204813708,-0.7473326201956593,-0.7291553239648064,-0.9836932047401566,-0.7319115048962026
0.0,-0.5661594456404454,-0.7281589323060549,3.9547392676137325,6.80238295608418,1.2345792050384987,2.9694293693860425,0.9991628470695418,1.5611523557727098,-0.34019751795730135,-0.12156958108161557,1.2973699388127649,2.2853695760721147,6.043883267058746,11.969122077823814
0.0,-1.292858252017448,-0.5529291394524092,-0.8885095716446859,-0.8464205327254718,-0.8915316697571031,-0.8959782839683618,-1.0619277989782945,-0.8391054338862302,1.792946177704683,2.5636499375118293,0.3238000518882529,0.8861419067924994,0.9848067404342105,1.3805457354070267
0.0,0.4798464120234229,0.20639996291338814,0.5407155722774905,0.2539867887613817,0.5606451888947064,0.21000997473691985,0.5860328415868437,0.06069893635130801,0.20920981869023914,0.12216565454267225,-0.13786957164185967,-0.08790175545683969,-0.0670539853080772,-0.26323145676441295
0.0,0.337782972048022,-0.14106424171948176,-0.18718236984050682,-0.0648260335190153,0.14122839405191723,0.18591937985213797,0.08121357514113768,0.42119443748963226,0.3623136570212287,0.5159286794712905,0.11467194542994787,0.2838689832495146,0.002102747532554292,0.3028691857719594
0.0,0.5642609198348935,-0.4815392238453684,0.5775567246687747,0.5909232515233087,1.3810938128982193,1.3537360769866276,1.9365763813926151,0.8988174569209144,-0.5876108452329407,-0.5670653724079722,-0.5308255641894984,-0.4018504347498149,-0.6428365504152613,-0.5809291894824059
0.0,-1.292858252017448,-0.5529291394524092,0.7302900793407701,2.200131577887367,-0.17806189022019314,0.7092319107079903,0.14123306837968427,1.1944375284342468,-0.4192709938209922,-0.32322939623255503,-0.5662250930880929,-0.42793309200282026,-0.25612315529623564,0.21776726717686778
1.0,-0.9552002207715679,-0.8527667850019809,-0.26925569066994093,0.46703678284821154,-0.16773247771436875,0.38830370043371293,-0.9725885694321077,-0.7509010762204178,-0.6518635074922143,-0.38417765329521214,-0.8589599347220526,-0.6590747069028607,-0.7715087672392239,-0.35400494067973876
0.0,-0.9833383900420583,-0.3387593926312872,-0.7600757930124336,-0.7821582507672018,-0.7298104063389077,-0.7793113309853518,-1.0388493600458772,-0.8017831467098665,-0.5445697371955541,-0.547847204858869,-0.3414434323557879,-0.3245720689064161,-0.4705324400766002,-0.36362483302148396
0.0,-0.24822871785050626,-0.8741837596840928,-0.5795622349364907,-0.5930910867099579,-0.43422966379957034,-0.13158133436292324,-0.4268316358299937,-0.4457946233241818,-0.688702741512791,-0.6251309976642199,-0.7727900902489092,-0.8081607560326889,-0.8399754037542946,-0.6425115146400907
1.0,1.4928205057610635,0.08958010101095787,0.3457597703902434,-0.025862203017008506,-0.35869373911640534,-0.2975989663826086,-1.0500785072837953,-0.7257929842725624,-0.07634762469311235,-0.09340194390024413,-0.9288891929316854,-0.8685825051210715,-0.40066061032118017,-0.1384446922142572
0.0,-0.9996289090933944,-1.1954383799157764,-0.8615207751381732,-0.7819779334115095,-0.928523703393632,-0.8082047231843356,-0.9572622923751878,-0.6777550627126876,-0.9271460172445549,-0.7900233254350814,-1.0035114198397188,-0.8712685892381958,-1.0749334702007969,-0.7673984011667944
0.0,-0.8083923810994462,-0.7281589323060549,-0.08143178720533553,0.8128925357623535,0.44387431233140645,1.7522246852474688,-0.3378277947767382,-0.01950781406241037,0.3342450138578697,1.8952880479252656,-0.34116642023674143,0.4568574209790697,0.21875149483413356,1.4298536909130757
0.0,0.22660288858901262,0.440039686718249,0.44628150608335976,0.5470343771548121,0.4466230402197359,0.3574100504042562,0.655960537808925,0.5108361454342013,0.3970869605365754,0.2882801817086037,0.5288091211047835,0.11059269446632879,1.0875064859783332,1.036910178867298
0.0,0.22660288858901262,1.1409588581328314,0.2014319943692121,0.10952525099483355,0.06704034294100379,0.08218157890674067,-0.31292647630271997,-0.32140418374573343,-0.03763737570592237,-0.19264585590962457,-0.06967699299263842,-0.13297321062805023,0.1420389575411829,0.04212633783411547
0.0,0.7330899354578334,-0.9617986561109158,0.2935721305733065,0.10075474629635355,0.5657495863108905,1.2955391096665114,1.0615510829831751,0.36378607730864687,-0.1427428330152853,-0.09184933216085447,0.6887484667267019,0.3536422605800242,1.7324716531929503,1.5461196737829872
0.0,1.4928205057610642,-0.3387593926312872,0.27194540260920985,-0.21819666883998154,-0.37384500707140456,-0.6203482492207044,-0.2802249914307058,-0.2972104996504236,-0.38719148877800985,-0.19884768291223287,-0.8454424806719223,-0.8209463068289895,-0.8228870722183982,-0.7782590651604797
0.0,0.6356885802907518,1.374598581937692,0.7805535683444209,1.9551122080697774,0.23751600347536447,0.8946781396816653,0.06930926931234663,0.13865203327113645,1.8102851758305114,1.8630378181744303,0.38033914907089694,0.10531944027327474,1.5189525534263486,1.401392063476029
0.0,-0.05477880411588748,-0.05319973020312376,0.2713356686138247,0.760051784590753,0.2555881595005563,0.7063302208838934,0.23482344855700832,0.4765797365568272,-0.1336605445758111,-0.10633422307259877,-0.07766946796665317,0.10982379027545051,0.05382237810684755,0.1376495914556021
0.0,-1.292858252017448,-1.1954383799157764,-0.9420636584558979,-0.86041590810565,-0.9594102997048803,-0.9145121748664206,-1.2330575827233634,-0.9194975008997044,-0.8094984573267985,-0.7898259616007344,-0.7422913481153833,-0.6628271007345188,-0.8871896557693043,-0.7768001801497249
0.0,-0.5331276817142181,-0.46114210510049997,-0.7108761888577738,-0.6011316943973116,-0.2762732906900039,0.4497577161701699,-0.2308367873083455,0.11792639131200236,-0.6228701352786508,-0.6313639533308428,-0.45703417930181695,-0.5935995678743453,-0.011477082684607908,0.11471452108096501
1.0,0.09998112687180767,-1.1954383799157764,-0.1613479010296431,-0.5008901744919124,-0.5874330170333079,-0.8787091721330933,-0.7449299661564971,-0.6628770292673108,-0.25851563869544264,-0.07075348064288499,-0.7485168972019769,-0.658842404046873,-0.6708541262789499,-0.5486510033910943
0.0,-1.292858252017448,-1.1954383799157764,-1.002121918162611,-0.8833171482987474,-1.184715723973655,-0.9575085268117404,-1.2907045148870364,-0.8800451648972573,-0.9219355473856052,-0.7878209988550956,-0.9645266894568866,-0.7869728741691048,-1.1521060861287387,-0.8256553799015832
0.0,-0.24822871785050626,-0.23167451922072566,-0.2664746154867503,0.08298185397177897,-0.4764400794916444,-0.19525147329489714,-0.10943419680487848,0.13477213781916159,-0.4698172238515542,-0.3668514731669678,-0.672751725040309,-0.6041796409039958,-0.5489551356690059,-0.17435380345601192
0.0,0.9863334588922433,-0.2608794846963334,0.2564280689113127,-0.0652748186138397,0.48622247743876795,0.23907038618196244,1.2825095157991975,0.9200231841696542,2.1590065119065005,2.450508708025303,1.634661188548468,2.5620234859356774,1.3774232018883663,2.7078346099285273
0.0,1.1833006437856735,2.516837231650346,-0.10024043445377007,-0.5618208982810956,0.366598424048174,0.06651361415885378,0.9819136843888232,0.23791101288987554,0.11068670756678636,-0.39151119471561546,2.992225237247558,1.0307464743932926,1.8985918109110742,0.6052198062267884
0.0,-0.8285784590543631,-1.1954383799157764,-0.7866155929520641,-0.7863421344997408,0.10510449738624342,-0.015607934873964209,0.684305529431688,0.26281623590984166,-0.7521278714156714,-0.7333907701993634,-0.4945273327163176,-0.5549853788159109,-0.7196983394820874,-0.5382979151182005
0.0,0.17328846260282105,0.42774285914957205,0.221638485863571,0.3784100245103635,0.9362193753765896,2.516918181784386,0.9625671840514342,0.43422477697721973,0.09063032571218384,0.09087712590424464,0.38704773663193565,1.0148896804360996,1.0663413013898897,1.2619802794349284
0.0,2.885659884650319,1.374598581937692,1.0356465062416118,-0.2862307887873434,0.5297895725046217,0.3700113625255447,0.6653427515397624,-0.4893547737161979,0.35384512722767325,0.008008559893855098,-0.6985701393386933,-0.7039322386342318,-0.9867253752166188,-0.8346053435552302
0.0,-0.34165087131259086,0.9133098964768133,-0.01587250202141837,0.2570886657048416,-0.06547130264811318,0.034293264632654946,-0.09179561735121981,0.06016315769330808,0.5028414107861867,0.35409618315555164,0.9336434721512845,1.156723580767396,0.9244045174684655,1.6054962848913696
0.0,0.44819097159412163,0.08958010101095787,-0.35868723735235103,-0.5934969055902044,-0.8164970407010071,-0.8486138067392877,-0.4717763098395865,-0.2905312488541405,-0.5067553543413507,-0.5359132624741416,-0.8087979465333958,-0.8104525015601715,-0.600712234265277,-0.5573551022362092
0.0,-0.17858674890604342,0.5179195946532025,-0.6879945338787525,-0.6731190688800001,-1.0692118778566753,-0.8852930461756089,-1.2743631930551134,-0.9216128378113311,-0.4131040348616936,-0.5430515716021557,-0.3792771537102029,-0.14080815501627988,0.19694395310814258,-0.24998844910057968
0.0,0.09998112687180767,-0.6543779668939937,0.18208294900817962,0.7384656963562205,0.4388049015378348,0.8002614175240361,0.20469360973849207,0.8832331779892764,-0.3059185689281907,0.10096795077670244,-0.3776520488841305,0.3313847532408894,-0.9174850147921391,-0.7320610057049637
0.0,-0.8949041437633752,-0.46114210510049997,-0.3996147880876775,-0.28011053897220817,0.5361618005372647,0.7317022954115566,-0.20677942787466114,-0.20678546539156945,-0.6692141272734622,-0.6839529817679466,-0.5111486109869561,-0.4320945285888674,-0.8368387941849684,-0.6105266920182731
0.0,0.5642609198348928,1.0890389195095291,0.8074955293139556,0.9816394787759077,1.6972010374245856,1.2975675951631478,1.9898318788267793,1.3052337375441108,0.24768284101846821,0.29051857525248787,0.2671382567518523,0.5158195428576893,0.7536340879861259,1.0296031232801102
0.0,-0.3642986660912779,-0.3387593926312872,-0.5941876449872472,-0.7284794732324139,-0.3044113515253379,-0.5454225512473747,-0.4361702179624502,-0.3184742541340101,-0.6928768101997933,-0.679429263224857,-0.38951059953154854,-0.4603695815978719,-0.6599493513010946,-0.5582916135018685
0.0,-1.292858252017448,-1.1954383799157764,-0.8667084528199751,-0.8344313212667414,-0.9845211948297395,-0.9263551073248043,-1.1065358306376836,-0.8411368350033833,-0.5363576194210485,-0.5705434166536716,-0.3445286153105296,-0.45633246507714653,-0.44520465255938685,-0.3316217374632937
0.0,-0.27988415827980767,-0.9617986561109158,-0.585209108931161,-0.5883568242208546,0.3532524997706814,0.49174827861409126,-0.292278539316123,-0.08012014112437849,-0.8527772791190198,-0.749916909275377,-0.8074598746710147,-0.8046675438936032,-1.0871093640537255,-0.7728159631332806
0.0,1.4928205057610635,-1.1954383799157764,-0.40698438293055567,-0.6171830434370871,0.5740357325403265,0.2209152496458731,4.2544475195518245,1.9647460669196406,-0.6354891612671865,-0.7270444120494964,1.5749100920216628,0.7730533482218204,1.5743411336488882,0.5381906470729765
0.0,-1.292858252017448,-1.1954383799157764,-0.858216527204003,-0.8466025832289148,-0.9155482536807955,-0.8801649306021059,-0.8865668567454447,-0.6969518693269018,-0.8937239040117597,-0.7573853355302432,-0.9613949806695599,-0.814360886612045,-1.0110020365571926,-0.7379641165144248
0.0,2.7308999536626253,0.517919594653203,1.0701252274641064,0.0011972046785988185,0.8803266222518497,0.27227498330136113,0.21792639774666156,-0.411947965085725,-0.2709266150734216,-0.33762609945229366,0.8794122318097561,1.105038003063088,0.240623023399242,0.24140063867063924
0.0,0.09998112687180767,0.08958010101095787,0.8458751313560889,0.6491025136440309,-0.1396646587790384,-0.10668065601904372,0.8250304828000437,0.9294033882103248,0.021468443639140942,0.09499475175422338,-0.5318738124193281,-0.7205275961201644,-0.08121290225322886,-0.003954469928370843
0.0,-0.05477880411588748,-0.3387593926312872,-0.5785046241790175,-0.7181995619871381,-0.27118165580501313,-0.5694634652928643,-0.7850807676080499,-0.7160442965720926,-0.584387747550768,-0.6355257591824512,-0.29782367232423873,-0.4603152415856018,-0.7587078941811382,-0.6040414420323558
0.0,-0.8642922892822926,-0.9977432290039713,-0.8156566808279443,-0.7405274785356808,-0.6335658180776319,-0.660135601619575,-0.9770413888467309,-0.721422365237036,-0.2627768217857104,0.4284038274955491,-0.772241051058913,-0.6720037297760741,-0.8816568305932122,-0.7052535134315754
0.0,0.29895818099884414,0.27315416971477696,-0.5895896308374993,-0.6286897571330381,-0.7925847695934741,-0.9024544950663069,-0.87400466095911,-0.7059573720470557,-0.5120426126150865,-0.645481334178696,-0.8634968216137225,-0.7762276419147226,-0.7055874794544281,-0.6011067485361462
1.0,-0.5661594456404454,0.6736794105231101,-0.5865145093066935,-0.5009897636111635,-0.8091875762359076,-0.686819940231725,-0.9444392941004371,-0.7043976820306007,0.4029050016094654,0.2882548619439605,0.5924931642109178,0.43509134392775,0.46903951667876187,0.8780053506385389
0.0,-0.5331276817142181,-0.2608794846963334,0.1385615194888986,0.7057255154644948,-0.15588672017465607,-0.08502430155345185,0.11179337352658426,0.8482887506057745,0.1970226459718143,0.9357576533165299,0.3014434208988565,0.5419803047647528,0.5040245097753011,1.4378481699050374
0.0,0.6356885802907518,-0.7670988862735316,0.552544535229161,0.5854790013658636,-0.08019017537145336,-0.3169189354683223,-0.41866861952958434,-0.4088253629182535,-0.6715001452512954,-0.6891454792523416,-0.8241113626909771,-0.7786495964132869,-0.7993177782234845,-0.6757539780120512
0.0,1.278537524393485,-0.7670988862735316,0.30274519484415496,0.5410653165413767,-0.18129287581774908,-0.22337219625157087,0.9166913258231666,0.42274620412976355,-0.36150813355213157,0.16260875165786629,-0.318360271751868,0.7154842355673373,-0.7376148378722424,-0.6181271624487729
0.0,1.8023403677364545,2.2312775692221822,0.20055703385735021,0.11415968388239241,0.7564294604088024,0.13980959675656826,0.08907930441157122,0.18255122387780878,1.1030218859367535,0.42499327470615333,2.5756970458698567,1.0351004946453033,2.6087876584271954,0.8162156829807862
0.0,2.8856598846503205,1.5173784131517742,0.8125595422872957,-0.11904074044199141,0.6972990269252302,-0.05634252447334926,0.8467625256522714,0.4923470880657496,0.5451335121512083,0.17019636468923607,1.3284273152103243,0.8052177775937416,0.9335822688528581,0.36200110654198303
0.0,-0.8285784590543631,-1.1954383799157764,-0.8300453060327241,-0.8239748679258255,-0.714295216956555,-0.8091712346626251,-0.9164013260317202,-0.7624075913291067,-0.8446832417529926,-0.7944093411165766,-0.6658499887803949,-0.745112098543974,-0.9340140509026249,-0.7637430648906974
0.0,1.1833006437856735,1.6601582443658558,0.48230088126015924,0.39705497879350565,1.0225063354775579,0.7040926523826362,1.0309493207561629,0.9765577258895207,1.7202930060692012,1.527230701169021,1.1994528475048774,0.9182462389044931,1.0706478377362205,0.23844346579458975
0.0,-0.05477880411588748,1.3745985819376927,2.3350250051229375,1.9204158162077143,0.4563710197029979,0.27613025672722485,3.0652587243388676,2.5993058965502756,2.545150881655468,1.4908597634945617,2.608240093700749,1.7050760297796648,0.6342797242370006,0.3077499509003482
1.0,0.22660288858901262,-0.42442729135973584,-0.26146057797061695,-0.3773976369009378,0.44938225498508966,0.8419134559706576,-0.7371308491941403,-0.6923109551241624,0.7116105544297967,-0.19484452761535534,1.8248192587390026,-0.015766932581069933,1.9659615961421464,0.09343118453697742
0.0,0.7765031109037323,0.7137319346039434,0.5688427716490538,0.5090460165986599,0.595153006608059,0.38708499850269135,0.2909367412240124,-0.2540636154677603,1.916287225419324,1.8447155494721077,1.417409108520909,2.0554354432522377,0.27769091422230785,0.5752033358846755
0.0,0.09998112687180767,0.7320893414743249,0.21581230618235508,0.357852053722824,-0.08587755398916201,-0.3303814255452163,0.3241620010748761,0.3604677423431239,0.6373211231207794,0.4457321724803931,-0.1191623845650981,-0.2807587077874006,0.7736979214190117,0.577382049605258
1.0,-0.8083923810994462,-0.2608794846963334,-0.6288930947047638,-0.547718218745879,-0.5150489389080587,-0.240279782629964,-0.6586554432741231,-0.6042095070842916,-0.5283044374138802,-0.5135873841232645,-0.4903390194881686,-0.5416030346863807,-0.6532688926537438,-0.5133245396723795
0.0,1.1833006437856735,0.8034792570813658,1.8662762706766045,1.4307778677983063,1.2123943339902594,1.3401875400619419,1.2769377104907442,0.7616261554163104,-0.0687208457954445,-0.15503411893722474,0.007103258365046314,-0.3399116624026278,-0.11747401091602207,-0.3210711286375797
0.0,0.29895818099884414,-0.8282902425081381,-0.46861042663512004,-0.7159663107843699,0.28642521113647335,-0.23904606916239743,-0.2924138504096377,-0.5592507879708399,-0.7047134370666257,-0.7012354121055794,-0.6744821513235284,-0.7685288338808225,-0.9364220955309761,-0.7537015422988496
0.0,-1.292858252017448,-0.9506729549773507,-0.8736523208579204,-0.8467802917281116,-0.8824459044306465,-0.8519716691606075,-0.9676536096510321,-0.7882233385606988,-0.7460171856965462,-0.6962637614076488,-0.5929127850417201,-0.578990184709521,-0.7715282348341754,-0.5572499864725398
0.0,1.1833006437856735,2.802396894078509,0.5654720343456365,0.4308384347549949,0.9439141064858095,1.0618143249190888,1.035381657794653,0.6650614419104927,1.2015129483576594,0.5010023101195507,3.68661742500277,2.0552293358446794,3.742609825792609,1.5256112350836941
1.0,0.6095565093922669,-1.1954383799157764,0.11368539270392607,-0.5258628334900017,0.941031902870312,-0.05543027590914077,1.1686797882050208,-0.14119186994793564,-0.8098649669252366,-0.7699246880546147,-0.844483748293671,-0.8284176501856947,-0.921275524683328,-0.7531173859030611
0.0,-1.0396147285830384,-1.1954383799157764,-0.6718399077946557,-0.6182236541273015,-0.7237924925332536,-0.8324376918879911,-0.8528876943015213,-0.5523325482731847,-0.845123000070281,-0.7783021143931822,-0.8396735828623397,-0.7170335114427171,-0.8870890332617595,-0.7154011056470649
0.0,0.6571168784275099,1.5098636851931375,1.193911876779951,0.8175887265836792,1.3800192079598699,1.9299280196395756,1.7417435984529979,2.173783172062717,0.7739186507823265,0.5315317923365641,2.5107019486554085,2.775605385666112,1.9995877037630068,2.027862588479598
0.0,-1.292858252017448,-1.1954383799157764,-0.9091578779788928,-0.8686168137912892,-0.8783450388524637,-0.9018385127907105,-0.9637667926870863,-0.8739454622887449,-0.6977990358834755,-0.7467363397887625,-0.4621691755514886,-0.42072162871782304,-0.932562539082489,-0.7461668184675257
0.0,2.26662016069954,2.516837231650346,2.4557558735320164,0.9526881301284145,0.6695222541718342,-0.3983821629500961,1.3241554387652317,0.30301499588063124,2.100301455280415,1.0014201999653043,1.6407449067771276,0.6706213436578077,1.621552797739819,0.5017703309429105
1.0,-0.4357263265471371,-0.5529291394524092,-0.4474606884147875,-0.4112470517806019,-0.723537839981382,-0.818916566377537,-0.6232230783345751,-0.5552026569139745,-0.6548131166249803,-0.6995717866360774,-0.537714856070819,-0.6757499404204913,-0.7500536052686325,-0.6458476829904088
0.0,-0.20953873510358278,-0.05319973020312376,-0.021562451020213303,0.11033748160650199,-0.13640167620239738,-0.3071314081935132,-0.18181607132520802,-0.2047970664709739,-0.36465195725566196,-0.35001570401903265,-0.6126716734120675,-0.5716145454671026,-0.28930194033415296,-0.15088878669977543
0.0,3.195179746625711,-1.052658548701695,1.071815217160061,-0.0055945728158480305,0.56563064688456,-0.13429502935832333,0.5512449415105399,0.02089224411903103,-0.7456289181433735,-0.7001947515358129,-0.8615625824656411,-0.8202275263996761,-0.8647742899106743,-0.7293082888425819
1.0,-0.6500093079147151,-0.4046577762685555,-0.7614555029243051,-0.721810249096853,-0.8503230794652445,-0.8541865073911942,-0.9505798680710398,-0.8403494754628196,-0.3482029617044307,-0.034072410422703994,-0.5537730417919862,-0.3573906638739855,-0.3806295594427273,0.14540256340013066
0.0,-1.292858252017448,-1.1954383799157764,-0.9602674896658858,-0.8657799363894618,-0.9198564346191063,-0.9063100893776315,-1.1079067394175386,-0.8420550883988145,-0.8273297324019288,-0.762575885466606,-0.8808429887971578,-0.8187304642599933,-0.9062100495771385,-0.6891606720271881
0.0,-0.22144334517955913,1.1604288351165695,0.031597269382434054,0.3865120922332502,-0.3078220396328094,-0.032979318631301276,-0.21210428462323838,-0.5071054182083826,1.066809317877042,1.0739605762981703,0.4535557732468909,0.7971676171801957,1.8579316730297648,1.7846835337248468
0.0,0.7765031109037323,0.4200134246778323,1.7261318733316662,2.066099015161057,2.9164620490717956,2.846446790962181,1.9532656022352866,0.7806815682536531,1.1275506524792396,1.5573091339937792,1.3434658247544997,2.3730294844477613,-0.3282997788448823,-0.20386394554965198
0.0,0.7190208508225886,1.9457179067940191,0.3648565819050198,0.10510330039981225,0.2948489309171206,0.1418401012097403,0.44193782493302836,-0.1457852966342772,1.446174090860889,0.8032960981105034,0.8919358843550848,0.2432706459973904,1.0481981518553434,0.10459293209551015
0.0,-0.4775376399847132,-0.4046577762685555,-0.5935539530834416,-0.5410694396001546,-0.3891145852105057,-0.6261958055234503,-0.3701178521651825,-0.564020035020726,-0.5908582755233394,-0.5349108351399031,-0.47630439187376894,-0.4771791733287421,-0.5426690683327218,-0.5644445142672517
1.0,-0.4969500355093023,0.6403023071224151,-0.29988030608858507,-0.04412307492512187,-0.7004744031841672,-0.5998085491718191,-0.8567277540189738,-0.669488326874149,0.11496129026032768,0.02659998259875772,0.28779712777380306,0.12086647045310915,-0.5914720219855865,-0.3961580169017558
0.0,-0.6134244086568357,-0.5686000965368817,-0.6049540247711516,-0.5322904358865247,-0.5808595310880182,-0.6372587967883065,-0.6406661696986652,-0.47170507619681024,-0.6367494229220361,-0.571540437988062,-0.581474674817496,-0.5230120150069486,-0.6678050877466069,-0.5213807018554156
0.0,-0.6134244086568357,-1.1954383799157764,-0.5167882274331154,-0.34435966209529656,-0.6362674147536533,-0.6682245459961402,-0.3253383411170218,-0.21705214573077825,-1.0544111912400107,-0.8320490070941193,0.4729390824457857,0.04145243752640851,-0.38039442474079754,-0.42453280873036786
0.0,0.5642609198348928,1.0890389195095291,1.349432584716552,0.8445362268221169,1.7566112643068093,1.6690340329804672,0.07238274428598943,-0.034140662546547906,2.6474974852171966,1.9792222789152922,2.519152608053982,1.419023129572528,1.2200662862008087,1.267151505250887
0.0,0.25474105785950285,0.2323599322250395,1.0572310291441307,1.438244848421163,0.5655563258004095,0.9592211996609731,0.7359161268307143,0.4537660020057242,1.446629833577932,2.0000785461953,1.0833505699285788,2.0185466737700883,0.3672460090356746,0.503133436444629
0.0,0.9863334588922433,2.5427972009619952,0.6493180203206704,0.4855236487518014,-0.03522615370854047,-0.27282450557924676,0.8192634300471864,0.9862737762213669,1.4922309605420272,0.30908209950127924,2.4979418706612577,1.36385478315872,0.981037469154487,-0.04522559785409298
0.0,3.3499396776134063,-0.3387593926312872,0.6145901166030948,-0.2960701231031092,2.300621974904126,0.45894308739123985,1.4166318072336217,-0.3749304169539407,-0.5413631054047223,-0.4391930468524452,-0.6556006472111676,-0.6548756177156123,-0.23809166814118288,-0.0030255799469802542
0.0,1.0948663975069906,0.4200134246778323,1.235623794222209,1.3799966281989724,0.5685247367963236,0.22831779594719467,0.40750653948693627,0.21472983498921375,1.4406037566449652,1.657236907183353,1.1409481401797825,1.6486676349103762,0.7408436985937571,0.6395271908825547
0.0,-1.292858252017448,-1.1954383799157764,-0.5944155423406065,-0.6329550009182116,-0.4647033714656461,-0.5179769969625319,-0.67589845157047,-0.37874683566335954,-0.8120052597935858,-0.7523721684572943,-0.6473865998950711,-0.7905071488310741,-1.0555308901039702,-0.7584750387314853
0.0,-0.27988415827980767,-0.0272397608914724,-0.4112750940883245,-0.4122547593364911,0.599293129499911,1.9201231272626857,-0.04116840268030689,-0.08012016781636572,-0.4550973417858083,-0.44981530787027957,-0.665777799002119,-0.6949132343712436,-0.3094836640951614,-0.21785266941002138
0.0,-0.7863712051486278,-0.2608794846963334,-0.6455942567346136,-0.5293371678885254,-0.24314631250529078,-0.02011321827550372,-0.3693781370976287,0.0554307748978666,0.024001901859194374,0.1373713755246462,-0.28579646740179737,-0.07262897735281315,-0.03215331636734366,0.23566702529393677
0.0,0.5642609198348928,-0.6243190550594501,-0.049704499695704445,-0.2957334749110214,1.891059734730652,1.2180375343675096,1.1226163766292807,0.49031788525543274,-0.507645198424506,-0.6829629246513762,-0.6456017880257588,-0.6854512492334349,-0.5805265935304758,-0.49953788215036343
0.0,-0.24822871785050626,-1.1954383799157764,-0.7693854926513131,-0.7286779835468036,-0.2763825385219304,-0.19506964589209524,-0.6761287465917858,-0.3021692093086668,-0.7738113403642621,-0.7536822144604663,-0.8854001579453424,-0.7966912357132002,-0.9183031958243817,-0.7178760744118374
0.0,-0.5661594456404454,-0.49451920850119435,0.595793949152992,1.1778203566541139,2.509524442358561,5.39530759429801,1.013975535680324,2.1339377341723833,3.1215105115142863,6.492503087577286,1.0660032398085149,2.629794584858647,1.2878867440938613,2.589527358342683
0.0,-0.08169357472244358,-0.49451920850119435,0.5687925780016428,1.832249816053134,-0.1953335026597474,0.31786137940846315,0.7346288765081571,1.289694357914192,0.15055200306152847,0.888310201659238,0.9115823746535857,2.0742461781772383,0.10512723307634185,0.3677515706958857
1.0,0.22660288858901262,-0.2608794846963334,-0.4257079925932775,-0.49167755011178477,-0.5532504806070524,-0.6835875129177543,-0.28602934694375,-0.4804337896276158,-0.5711069921370756,-0.45828708338123036,0.6873857185116549,0.20057431665831615,1.117417238299003,0.710781719989111
0.0,-0.5964385625728202,-1.1954383799157764,-0.46541993309045304,-0.37970408395888616,-0.591382564885812,-0.5206587479268673,0.16346163009436326,0.15365981123414008,-0.8486434208232263,-0.7629740788368333,-0.8703470417061016,-0.8091897178222113,-0.8544991077971655,-0.7244294900711532
0.0,1.3380605747733691,2.802396894078509,-0.05768404932450615,-0.3896265477541525,-0.5050122255103255,-0.6835134285383591,-0.3161883625767789,-0.4248002678360662,2.5638274189797943,0.6845019915472859,2.2956607629032084,1.0972134856587246,3.12713885617291,0.7311754498707367
0.0,0.09998112687180767,1.374598581937692,0.3104920739222997,0.4245993530996886,-0.45497654054305015,-0.44188907182734993,1.1229761959422015,0.558691884611174,1.507794515794499,0.8422324003458072,0.16568357211492613,0.017097738966913228,1.5047859590057027,1.1529254908948512
1.0,-1.292858252017448,0.34658379719630467,-0.897252325782592,-0.838338914019867,-0.47611479921623423,-0.6918917972248034,-0.6769034984792291,-0.6271729793917867,-0.5460963304471321,-0.6101587815214647,-0.35218606010554887,-0.27836294477661194,0.38464211693554684,-0.3284608542114719
0.0,-0.6134244086568357,0.12252929282959196,-0.43499099189785284,-0.40756494507626845,-0.24060574690662492,-0.23473486673721244,-0.4386452019663446,-0.2848764881412075,-0.3445090554356165,-0.30215698116546946,-0.5860745840964917,-0.6086243946054299,-0.4681138602378689,-0.4696151064149132
0.0,2.7308999536626253,2.802396894078509,0.4535318433518642,-0.37817268816721994,1.1692586892332546,0.6803254413621606,0.8549255199210912,-0.038569776607187106,1.7705561948067787,1.3159205573351647,1.537087069668436,1.0191506671593402,1.5410897324316422,0.6753039915517659
0.0,-0.9446484072951341,-1.1954383799157764,3.8399751952659384,7.805888561746614,-0.059296565714562384,0.8025462307143384,0.4059979052255109,1.3118814714659868,-0.7928802901914005,-0.7651057600350147,-0.8965973888106623,-0.8285777782294967,-0.8021929453903259,-0.7405829305803382
0.0,-1.0785752706498706,-0.9812686330946543,-0.9017191856919795,-0.7819226289845012,-0.9283259423862741,-0.9049951910187227,-0.9972434320903419,-0.7872158158215353,-0.7438993477140721,-0.7166432804163293,-0.760664923581279,-0.6821734131849897,-0.8562137080251229,-0.7475667010036683
0.0,1.8023403677364545,0.8034792570813658,0.4135610651022472,0.0736181647262245,2.34042458060737,1.758641692163379,0.7514379006792723,0.09020261294212586,0.34092786749866233,0.3135729742990207,0.4836028192118728,0.12621855734901732,0.4920291864521333,0.3254213134171932
0.0,0.8737807818102832,1.9457179067940191,0.6631684401324359,0.9118752379613466,0.6646900473442758,0.5527604128314493,0.9572583975718055,0.4401410724078007,1.5340031625582726,1.0167539908334404,2.094392839787778,1.0078725473457883,1.8882432768330077,0.3260332481176629
0.0,0.5642609198348935,1.5173784131517742,0.059513753750642745,-0.09141177946037665,-0.6537362172513724,-0.700146720296059,-0.0995715719118943,-0.3866999788265936,0.9970233948161402,0.5541185275715483,0.2872851278510162,-0.30134593320976427,0.5736154498021657,-0.09786908360670042
0.0,0.617321467602103,1.5948874643822755,-0.254800408307099,-0.4322602702613951,0.2502472874825886,-0.18376180866784303,-0.22222679704074613,-0.40990057186666123,0.6050413155133648,0.12985369135797642,0.7706011684631164,0.1041745922683058,0.9887022692793024,0.15213693289079674
0.0,0.22660288858901262,1.3745985819376927,0.7782649240799727,0.5395917139215268,0.15407199383866363,0.06514815565138778,0.4304186140957849,0.7076069650225412,2.180536121595878,1.9552759626022655,0.9826864832658507,0.24089394586578491,2.4372388475539606,1.5026952601892536
1.0,-0.3642986660912779,-0.05319973020312376,-0.7226454599402491,-0.7293599631542752,-0.43417814029498425,-0.6209706075939027,-0.9917715725950526,-0.7165790650310904,-0.3506210800073136,-0.37352925154365,-0.21620139459446983,-0.486681658090098,-0.3822343720344244,-0.2749831851066171
0.0,-0.6134244086568357,-0.19249712650954529,-0.6530177009340803,-0.5820158936440555,-0.40847645885823425,-0.3499294314427105,-0.7880359530777975,-0.6158501214577113,-0.39739841029830086,-0.2865365204562473,-0.5774490542887668,-0.5025006639273362,-0.5181524267496337,-0.5202100740650957
0.0,-0.8012678829977111,-0.1674235951743889,-0.7926480343246718,-0.7056247488788548,-0.6889263308870938,-0.6640920113867126,-1.0098029359858687,-0.6717843532454556,-0.19077049818103364,-0.013855967369436485,-0.4710345506078407,-0.2949875629748551,-0.41037533984804586,-0.12463212151904073
0.0,-1.124029236394508,-1.1954383799157764,-0.9677934749967796,-0.729998314772361,-0.7957547872423605,-0.05151130333802435,-1.1785315427199161,-0.5552334471189235,-0.911730886386415,-0.7639616639069176,-0.9208821593175452,-0.7598141260057741,-1.0202236157664388,-0.7319299716766662
0.0,-0.34165087131259086,-0.009267474444945115,-0.502092445114652,-0.4724474996500181,-0.4328377170536573,-0.5875023232230168,-0.41268420654314336,-0.4409987127487014,-0.2186886514450202,-0.20249687200010533,0.013880409592342952,-0.1888099637785948,0.3562273122111826,0.228628510183652
0.0,-1.292858252017448,-1.1954383799157764,-1.0561424205448267,-0.8881173485364844,-1.1437450090154067,-0.9752104937643346,-1.3303578821994742,-0.8965930363311386,-0.8759794014306008,-0.7798573370784816,-0.9315157681863974,-0.8015235461063779,-0.9114121262195483,-0.7402056319594883
0.0,0.06600943470377686,-0.009267474444945115,0.27206591007945485,0.41240008831815417,1.0187400162818747,1.0292501589726264,0.21577249820046068,0.09495382430048482,0.23695155273878435,0.28305378652010066,0.1439068031162566,0.03345794773108889,0.3479672845388569,0.5082546853243509
1.0,-0.749311177328958,-0.8000480780921659,-0.6426480875528295,-0.524141771979934,-0.4925843286700067,-0.37982360812485655,-0.6259360842529667,-0.37386381386809964,-0.6514942554183336,-0.5483131788337396,-0.7838537234862784,-0.7013746256418439,-0.6218052027619598,-0.5449370795346707
1.0,-0.6738185280666678,-0.05319973020312376,-0.38170905255161613,0.05772582054212841,-0.6073541159318457,-0.5628651767216386,-0.515192886695232,-0.39015288363685796,-0.598080493617759,-0.5927527820743065,-0.5251268182189894,-0.6354433845763576,-0.763254894727908,-0.5575122888369988
0.0,-0.5964385625728202,0.08958010101095787,-0.7575580991727923,-0.6987286067426329,-0.9820714020641508,-0.8977389826577427,-0.8384076519455392,-0.6763486856819553,-0.230073972746711,-0.00927586552472372,0.021459748265186276,-0.23449192044800737,0.0033868297029354686,0.16793681106629496
0.0,-0.17858674890604342,-0.6543779668939937,-0.30303302936187987,-0.32170681796004663,-0.6334140978054223,-0.7538168445108885,1.3764186854797877,0.8403488498531171,-0.7733192495305246,-0.6627304904401771,-0.7617146453638436,-0.6912844824038057,-0.6841099549639994,-0.520872029906761
0.0,0.7454432780643899,0.6850764702209081,-0.12935262226444394,-0.33750163200277894,-0.3112575332000893,-0.5152611446024139,-0.13770616170584396,-0.3539297582569337,-0.14206247294545243,-0.3811079220740025,0.7444081032589187,0.5217502191494672,-0.10144472404698442,-0.2341825561231057
0.0,0.5642609198348928,0.2323599322250395,0.8722003593197865,0.5988969213150617,3.4650533403865156,4.642352729100487,1.422069474934173,2.310381198970337,0.378085381902303,0.2476477394868142,0.6199403765869309,0.4904977732081024,0.0518846261507612,-0.16743255676040036
0.0,-1.292858252017448,0.0895801010109573,-0.9353128387516133,-0.8363292187243739,-0.9544626229026807,-0.8764126341623193,-1.0823218655683555,-0.8412095509297532,-0.1611051470338949,-0.13961010956676084,-0.05367679555772948,-0.16171894474773926,0.267310057325718,0.19968021726971505
0.0,0.9356847542053612,-0.3387593926312872,-0.37667555361755584,-0.6143863186258961,-0.8480860542198129,-0.8473600626452504,-0.7207105711594717,-0.7203058465748765,-0.6788989762527421,-0.6148665901132099,-0.8974905327124729,-0.7735362624801939,-1.0682403772355715,-0.8364062787963616
0.0,0.29895818099884414,1.0074504445300534,1.403037151063592,0.9004159905123845,0.4381074473268671,0.4043216102059574,1.4296552802838478,1.3953541333870423,0.776214078767387,0.3429409450295104,0.32645443424125387,0.39380155288130786,2.3842458628774557,2.0184920057828024
0.0,0.09998112687180767,0.08958010101095787,0.6619194515582489,0.4250571489243851,-0.4846145817016301,-0.5014898943780588,0.9938965340641536,0.7632282871109796,0.7082418076841742,0.5611244527827909,-0.13423057600168137,-0.2142372536167262,0.5129137970412262,0.5072702424967026
0.0,-0.0071603638119816255,-0.12458964581016473,-0.04496272088228324,0.08501877703620657,0.10912219157539797,0.6315648750679655,-0.39607857990887624,-0.5125152165346848,0.015964870095144558,0.6428281378763593,-0.2800009601830116,-0.3627352186762178,-0.34785260914681404,-0.0865094036743133
0.0,1.1833006437856735,0.2323599322250395,-0.20770928315082063,-0.5113473807031969,0.22931320286501275,0.6972579731445427,-0.2923933046077896,-0.470725282271988,-0.4410696139124966,-0.507463158566858,-0.46983093022308503,-0.1454120255150739,-0.3993305953240227,-0.1988938434831718
1.0,-0.5331276817142181,-1.1954383799157764,-0.38624732272714435,-0.03257934714315209,-0.5235841380246473,-0.2303269367995879,-0.3098875800880944,0.46662434546828185,-0.8671763475975709,-0.7644343759608218,-0.8661781205333959,-0.8062666862087754,-0.731551351277287,-0.6605286807675849
0.0,-0.0071603638119816255,0.9462590882954474,0.9447470668055488,1.3592363861911372,0.4502082625775766,0.6376109702442918,1.1254139702580632,1.0534006420120658,0.0009232561710074141,-0.005090696285147363,-0.12477948768423683,0.1779210880397783,0.2915228598441246,0.19068004337311167
0.0,-0.5964385625728202,-0.23167451922072566,-0.3838442386199784,-0.04829650761822798,-0.6961214589356319,-0.49122963725700464,-0.34253937118519495,0.017151078774621024,3.7047930391690476,7.574229873494633,-0.13866605034828533,0.8672989439255384,0.46589959050239804,1.3276300918063209
0.0,-0.4775376399847132,-0.009267474444945115,-0.5947765927102244,-0.5172703557847153,-0.41849301277110784,-0.5434832102004449,-0.5233925862001205,-0.3547997979161284,-0.46822352178279786,-0.4103324353819882,-0.3937425612865465,-0.5844039898699176,-0.2265507105590493,-0.3413979510268486
0.0,-0.749311177328958,-1.0700707232399975,-0.5945096863061805,-0.45489724597339193,-0.7057151985479249,-0.7242461068590889,-0.7928271615094248,-0.6111737331060205,-0.8061799794629977,-0.7187472015365721,-0.8505093926657268,-0.8084361599185783,-0.87077925874935,-0.7574089348405881
0.0,0.7765031109037323,1.44802820941922,0.1719595709079713,-0.04221627354580134,-0.40973841499823715,-0.5718809415690278,0.14813315742084135,-0.07629573817221902,0.6230789351334537,0.2225304181017295,0.2338880095361694,-0.2949499255946397,0.24980282421680203,-0.23403997709570537
0.0,0.9356847542053616,1.5948874643822755,0.5999219512626457,0.2286610222246294,0.232988926381386,-0.09889658982483221,0.61920176303481,-0.15705202448701802,0.7677208205688658,0.2797299622449935,0.208721818210357,-0.15725641929172393,0.45668647221970454,0.1200565308562436
0.0,-0.47354097031788633,-0.5100951900881849,-0.6727382320877348,-0.35078308829391036,-0.7699204270646146,-0.623487661891395,-0.9492944841123769,-0.5180871933188411,-0.7310342961536457,-0.6032323539024763,-0.7566887768605167,-0.6105697256159172,-0.9777472148322008,-0.7568722500560319
0.0,0.09998112687180767,1.0890389195095296,-0.37451020063116264,-0.3170785469245469,-0.4870608616610154,-0.5985554874214903,-0.4740328535598958,-0.1897054429627664,0.9711745980587219,0.5123144776847388,-0.08776607359391463,-0.31348756850252896,0.37670088799797463,-0.035713794745773506
0.0,-0.4969500355093023,1.0074504445300534,0.4160929228530894,0.19698359661496623,-0.18960858912735024,-0.23289270581542199,1.5902131849574623,1.9689621051151063,1.616483110968138,0.7900624431924369,0.689773009257858,0.6100283206239072,2.707689850234063,1.6603100066657615
1.0,-0.026640634845397287,-0.9249081734048851,-0.4256119632035633,-0.26317013835677816,-0.39521580462368067,-0.15584340915235562,-0.40629507857756947,0.16358045415911734,-0.763916516563127,-0.7165481983859414,-0.6928676796314416,-0.7526844060043532,-0.7996237244746769,-0.7206519504516109
0.0,0.4214055989231745,-0.5529291394524092,-0.596405623162335,-0.7127548615408126,-0.6729483996259112,-0.6868980316487201,-0.7460469949161893,-0.6509050381140075,-0.7425846080352576,-0.6931270404585534,-0.8211138389602163,-0.7527908423205155,-0.7328089517097974,-0.5720981374257273
0.0,-0.9446484072951341,-0.8527667850019809,-0.815464650193959,-0.4454484038510255,-1.0232458024328606,-0.6506723830686583,-1.0537475589030945,-0.34403088656840725,-0.3441704486573352,0.3828264928624203,-0.4038921772029517,-0.0655190944913965,-0.6993929302276691,-0.10307283478783634
0.0,1.3380605747733691,2.0884977380081007,0.9432454992854782,0.38399991152027724,0.4371861088801588,-0.08450995672226012,0.2460188179386251,-0.028961793275550013,0.8309104588472429,0.2746123166606064,0.3393107845994603,-0.17316704313920203,0.29178247615667485,-0.09418800989673023
0.0,-0.6738185280666678,-0.05319973020312376,-0.6904287893697754,-0.775299881079683,-0.5241812806412192,-0.7387351726425151,-0.6523397361970703,-0.6188533570686087,-0.5396396062203566,-0.5800077103330629,-0.4000037266265475,-0.5225240449942319,-0.43810653644927483,-0.48355349962920585
0.0,-0.6134244086568357,-0.9447030665642187,-0.6347525697745307,-0.656377153174554,-0.4809755052566458,-0.6214604905662343,0.025217462756663075,-0.16533816842422136,-0.7767518553205376,-0.7391276894720905,-0.7520539632047585,-0.785049084850982,-0.7965982345665025,-0.7275393387736993
0.0,1.0948663975069899,1.0074504445300534,-0.23688392243848785,-0.5815429997890255,-0.3801247509473098,-0.5258652063625996,-0.25604408154826697,-0.2384026632564784,0.16422169985596263,0.07093990628515927,0.5531974382129647,0.66719979001278,0.17418146493583436,-0.06968192047818064
0.0,-1.292858252017448,-1.1954383799157764,-1.0016704581406066,-0.8761279179094239,-1.052490144757915,-0.9470167603106319,-1.287719095855509,-0.9105887331637029,-0.8948229192507637,-0.7764680166248267,-0.9729061400411189,-0.8382800850427379,-1.0047822913209234,-0.6753248649236461
0.0,-0.8285784590543631,-0.3387593926312872,-0.7831172031346852,-0.7503237055456827,-0.48208297732426203,-0.35180547625916114,0.7564356049898816,0.8265373198176194,-0.5863143603966625,-0.5876263962217892,-0.38902754727925026,-0.4289875966882405,0.18141461558768232,-0.149098840684578
0.0,0.4214055989231745,-0.7670988862735316,-0.15321493531573557,-0.19938595994231192,-0.4413965627560317,-0.527271598497019,-0.4036823535848162,-0.5737133461436756,-0.703102037436234,-0.6442936441262914,-0.9242204105544958,-0.8027508095555959,-0.885270682532032,-0.7347755663648886
0.0,-0.3239265101814444,0.20639996291338814,0.22386422181380944,0.5806299965372124,0.19444879929649028,1.6256802276237612,-0.08244394726844546,0.2637823922176665,-0.1726267727784297,0.10937771275372822,0.15616819453832617,1.0185097039738698,-0.3357772417086264,0.13218165497729517
0.0,-0.06987733396834563,-0.4046577762685555,-0.4430887615674939,-0.5399371916698413,-0.0682062741311824,-0.3694782948063047,-0.1473769089586409,-0.16539778763898383,-0.5898988591418256,-0.5789242645198878,-0.47553372649647696,-0.3295554171890161,-0.5427178987839488,-0.4865621931039991
0.0,-1.292858252017448,-0.5100951900881849,-1.0212115022675792,-0.8729098789948934,-1.058932888633448,-0.8569571825559777,-1.3165175097676605,-0.8874038206355094,-0.6902432752625364,-0.5745101309063396,-0.3695292745553245,0.45966566995562264,-0.7089661370258433,-0.30170801168581773
0.0,0.9356847542053607,0.42774285914957205,0.16651546559534158,-0.12934077267258254,0.20002945790984153,0.6104595512859058,0.36561795075201,0.3010602457148995,1.079210954505769,0.9199773592075005,2.36789834901378,2.8602896108510527,1.3695673859758501,0.6822929220830852
0.0,1.3380605747733691,1.0890389195095296,0.7270039787404177,0.5622989061056213,2.23175903597411,1.9211716604904792,1.051043623513576,0.5106524392882861,1.0315925584412722,0.6421725480000865,1.0926890013774797,1.2701786065269527,1.1403405244832856,0.4127078781559715
0.0,-0.8285784590543631,-0.3387593926312872,-0.7114441665457517,-0.7877566365234658,-0.14982676512218857,-0.6370819507656985,-0.6104266368546708,-0.6809557933828132,-0.5076201260747099,-0.4261396524029237,-0.08720273375678503,0.06261667516511679,-0.20494292421330756,0.07284828923458615
1.0,-0.7863712051486278,-0.7281589323060549,-0.6266243459205679,-0.5435034576087691,-0.5721876249451344,-0.3017360965633094,-0.20894634384278366,-0.11719072460753129,-0.7395482713688915,-0.6230654156325981,-0.7409725712461186,-0.720542336636924,-0.9953483852250192,-0.7319570470458632
0.0,-1.292858252017448,-1.1954383799157764,-1.0541726857330265,-0.8921450726844152,-1.2000596705162094,-0.9852640614719824,-1.3576791997084787,-0.9304399574415535,-0.9273650343551355,-0.7754853176475922,-0.9370575870196168,-0.8250610982671107,-0.9843725525155977,-0.7837181440282676
0.0,-0.8949041437633752,-1.1954383799157764,-0.8129696219112245,-0.7784844318450163,-0.5105453086864532,-0.6918944256980522,-0.6444915724122784,-0.6181640294475523,-0.703874299273285,-0.7246983682278766,-0.6138374883306495,-0.6431615187667645,-0.7833696179402985,-0.5877633402094176
0.0,-1.292858252017448,-1.1954383799157764,-1.0490659479028228,-0.9078654018972228,-1.0049855587995524,-0.9509729096244622,-1.155130101407969,-0.8595388272560955,-0.7722439260636669,-0.7373159966554176,-0.8495625783251851,-0.8605250225106994,-0.8167288150205926,-0.8528680831465222
0.0,1.4928205057610635,3.9446355437911604,2.758913701983412,1.8991168280474933,1.7742059730912814,0.5482795000092829,1.3400592440346364,0.47567642771893087,2.9770979573284833,1.35757602497312,2.5813347499342814,0.37564477783197103,3.9673092572441844,1.6262681010983346
0.0,-1.292858252017448,-1.1954383799157764,-0.8090566411207221,-0.8239395908145668,-0.6360812481054645,-0.7800070728485211,-1.038431113774365,-0.84458528874053,-0.8159270876242822,-0.7426599329475242,-0.6497977354687906,-0.7908902286664431,-0.24709835535002622,-0.3644713294516166
0.0,-0.5964385625728202,-0.6243190550594501,-0.6652289058322555,-0.5979057947303118,-0.49995223227643304,-0.6479094864489907,-0.7108026195793214,-0.4823397353442258,-0.7509463703450345,-0.6324163529593343,-0.8242240787510656,-0.6741397068348323,-0.8855557343697124,-0.6006599632121933
0.0,0.7330899354578334,1.1409588581328314,1.2021062179857784,1.9211940432881192,-0.17935817239881066,-0.2853301558566084,0.35413670461607977,-0.033832810658977,0.24538392624284117,0.1810818373661827,-0.024329949203047367,-0.34098461182374695,0.6082919001302394,0.5655807615217276
0.0,-0.22144334517955913,-0.12458964581016473,0.05198909810804913,0.7587767334519461,0.11065158140917028,0.4536752662430168,0.9106463626156627,0.8601233725128318,0.5375285186041941,1.886618613489763,0.21392986113709023,0.5662844392219007,0.1161854230756182,0.1943936769190474
0.0,1.4928205057610635,1.374598581937692,-0.40183173584264265,-0.6010648991019273,-0.9271336694160012,-0.9544173860078923,0.009649583975590117,-0.47657966100433835,8.026647288916493,3.8100959632862583,5.88631151613506,3.610285159555454,-0.8049256486147366,-0.6680752121057162
1.0,0.29895818099884414,0.27315416971477696,-0.4640580352490897,-0.5241231438376295,-0.3908317079911399,-0.2345515638532445,-0.17496347391616168,-0.04199993631283383,-0.27726489031087553,-0.4193654255593363,-0.5929047660381694,-0.7551493053468395,-0.5900318152466755,-0.6169028436036352
0.0,-0.0071603638119816255,0.7815131292022761,-0.5574971986946522,-0.7000064164673206,-0.46699640106953993,-0.5456289567852406,-0.9154770606116891,-0.787071044962917,-0.23730694466065186,-0.4979274208584957,-0.31102781591503664,-0.3326456081299777,0.23877198325563193,-0.12039530398298094
0.0,-1.292858252017448,-0.8741837596840928,-0.8017192504644771,-0.8370346276197768,-0.6694452340524433,-0.5479917712528467,-0.5768146929507414,-0.2734539031371318,-0.7266890287903214,-0.7333012693604625,-0.8053522170150893,-0.821320451752832,-0.8745983003674014,-0.6991433008114056
0.0,-0.026640634845397287,0.6736794105231101,-0.054011136555214403,0.09869908116088719,-0.2894065848182194,-0.5487016490843524,0.8441834808783928,1.578153550617628,0.43538536351607376,0.5916944275858098,0.34549213023460307,0.2190693947692414,0.6742383415449883,0.5718838968781549
0.0,-0.0071603638119816255,0.7320893414743249,0.2708731453840554,0.5447554842240783,-0.5557590297596644,-0.5395869312166768,0.5539844337816492,0.38637800986844584,1.1072200194597648,2.1126521552072957,0.7061529684354446,0.9185673041916601,1.3475652998858607,0.8735498622062838
